Drone,Time,North,East,Altitude,Vx,Vy
1, 0.00, 18.08, -5.88, -0.00, 4.59, -0.82
2, 0.00, 3.78, 38.96, -0.00, 0.81, -1.54
1, 0.01, 18.08, -5.88, -0.00, 4.59, -0.82
2, 0.01, 3.78, 38.96, -0.00, 0.81, -1.54
1, 0.02, 18.08, -5.88, -0.00, 4.59, -0.82
2, 0.02, 3.78, 38.96, -0.00, 0.81, -1.54
1, 0.03, 18.08, -5.88, -0.00, 4.59, -0.82
2, 0.03, 3.78, 38.96, -0.00, 0.81, -1.54
1, 0.04, 18.08, -5.88, -0.00, 4.59, -0.82
2, 0.04, 3.78, 38.96, -0.00, 0.81, -1.54
1, 0.05, 18.08, -5.88, -0.00, 4.59, -0.82
2, 0.05, 3.78, 38.96, -0.00, 0.81, -1.54
1, 0.06, 18.08, -5.88, -0.00, 4.59, -0.82
2, 0.06, 3.78, 38.96, -0.00, 0.81, -1.54
1, 0.07, 18.08, -5.88, -0.00, 4.59, -0.82
2, 0.07, 3.78, 38.96, -0.00, 0.81, -1.54
1, 0.08, 18.08, -5.88, -0.00, 4.59, -0.82
2, 0.08, 3.78, 38.96, -0.00, 0.81, -1.54
1, 0.09, 18.08, -5.88, -0.00, 4.59, -0.82
2, 0.09, 3.78, 38.96, -0.00, 0.81, -1.54
1, 0.10, 18.08, -5.88, -0.00, 4.59, -0.82
2, 0.10, 3.78, 38.96, -0.00, 0.81, -1.54
1, 0.11, 18.08, -5.88, -0.00, 4.59, -0.82
2, 0.11, 3.78, 38.96, -0.00, 0.81, -1.54
1, 0.12, 18.08, -5.88, -0.00, 4.59, -0.82
2, 0.12, 3.78, 38.96, -0.00, 0.81, -1.54
1, 0.13, 18.08, -5.88, -0.00, 4.59, -0.82
2, 0.13, 3.78, 38.96, -0.00, 0.81, -1.54
1, 0.14, 18.08, -5.88, -0.00, 4.59, -0.82
2, 0.14, 3.78, 38.96, -0.00, 0.81, -1.54
1, 0.15, 18.08, -5.88, -0.00, 4.59, -0.82
2, 0.15, 3.78, 38.96, -0.00, 0.81, -1.54
1, 0.16, 18.08, -5.88, -0.00, 4.59, -0.82
2, 0.16, 3.78, 38.96, -0.00, 0.81, -1.54
1, 0.17, 18.08, -5.88, -0.00, 4.59, -0.82
2, 0.17, 3.78, 38.96, -0.00, 0.81, -1.54
1, 0.18, 18.08, -5.88, -0.00, 4.59, -0.82
2, 0.18, 3.78, 38.96, -0.00, 0.81, -1.54
1, 0.19, 18.08, -5.88, -0.00, 4.59, -0.82
2, 0.19, 3.78, 38.96, -0.00, 0.81, -1.54
1, 0.20, 18.08, -5.88, -0.00, 4.59, -0.82
2, 0.20, 3.78, 38.96, -0.00, 0.81, -1.54
1, 0.21, 18.08, -5.88, -0.00, 4.59, -0.82
2, 0.21, 3.78, 38.96, -0.00, 0.81, -1.54
1, 0.22, 18.08, -5.88, -0.00, 4.59, -0.82
2, 0.22, 3.78, 38.96, -0.00, 0.81, -1.54
1, 0.23, 18.08, -5.88, -0.00, 4.59, -0.82
2, 0.23, 3.78, 38.96, -0.00, 0.81, -1.54
1, 0.24, 18.08, -5.88, -0.00, 4.59, -0.82
2, 0.24, 3.78, 38.96, -0.00, 0.81, -1.54
1, 0.25, 18.08, -5.88, -0.00, 4.59, -0.82
2, 0.25, 3.78, 38.96, -0.00, 0.81, -1.54
1, 0.26, 18.08, -5.88, -0.00, 4.59, -0.82
2, 0.26, 3.78, 38.96, -0.00, 0.81, -1.54
1, 0.27, 18.08, -5.88, -0.00, 4.59, -0.82
2, 0.27, 3.78, 38.96, -0.00, 0.81, -1.54
1, 0.28, 18.08, -5.88, -0.00, 4.59, -0.82
2, 0.28, 3.78, 38.96, -0.00, 0.81, -1.54
1, 0.29, 18.08, -5.88, -0.00, 4.59, -0.82
2, 0.29, 3.78, 38.96, -0.00, 0.81, -1.54
1, 0.30, 18.08, -5.88, -0.00, 4.59, -0.82
2, 0.30, 3.78, 38.96, -0.00, 0.81, -1.54
1, 0.31, 18.08, -5.88, -0.00, 4.59, -0.82
2, 0.31, 3.78, 38.96, -0.00, 0.81, -1.54
1, 0.32, 18.08, -5.88, -0.00, 4.59, -0.82
2, 0.32, 3.78, 38.96, -0.00, 0.81, -1.54
1, 0.33, 18.08, -5.88, -0.00, 4.59, -0.82
2, 0.33, 3.78, 38.96, -0.00, 0.81, -1.54
1, 0.34, 18.08, -5.88, -0.00, 4.59, -0.82
2, 0.34, 3.78, 38.96, -0.00, 0.81, -1.54
1, 0.35, 18.08, -5.88, -0.00, 4.59, -0.82
2, 0.35, 3.78, 38.96, -0.00, 0.81, -1.54
1, 0.36, 18.08, -5.88, -0.00, 4.59, -0.82
2, 0.36, 3.78, 38.96, -0.00, 0.81, -1.54
1, 0.37, 18.08, -5.88, -0.00, 4.59, -0.82
2, 0.37, 3.78, 38.96, -0.00, 0.81, -1.54
1, 0.38, 18.08, -5.88, -0.00, 4.59, -0.82
2, 0.38, 3.78, 38.96, -0.00, 0.81, -1.54
1, 0.39, 18.08, -5.88, -0.00, 4.59, -0.82
2, 0.39, 3.78, 38.96, -0.00, 0.81, -1.54
1, 0.40, 18.08, -5.88, -0.00, 4.59, -0.82
2, 0.40, 3.78, 38.96, -0.00, 0.81, -1.54
1, 0.41, 18.08, -5.88, -0.00, 4.59, -0.82
2, 0.41, 3.78, 38.96, -0.00, 0.81, -1.54
1, 0.42, 18.08, -5.88, -0.00, 4.59, -0.82
2, 0.42, 3.78, 38.96, -0.00, 0.81, -1.54
1, 0.43, 18.08, -5.88, -0.00, 4.59, -0.82
2, 0.43, 3.78, 38.96, -0.00, 0.81, -1.54
1, 0.44, 18.08, -5.88, -0.00, 4.59, -0.82
2, 0.44, 3.78, 38.96, -0.00, 0.81, -1.54
1, 0.45, 18.08, -5.88, -0.00, 4.59, -0.82
2, 0.45, 3.78, 38.96, -0.00, 0.81, -1.54
1, 0.46, 18.08, -5.88, -0.00, 4.59, -0.82
2, 0.46, 3.78, 38.96, -0.00, 0.81, -1.54
1, 0.47, 18.08, -5.88, -0.00, 4.59, -0.82
2, 0.47, 3.78, 38.96, -0.00, 0.81, -1.54
1, 0.48, 18.08, -5.88, -0.00, 4.59, -0.82
2, 0.48, 3.78, 38.96, -0.00, 0.81, -1.54
1, 0.49, 18.08, -5.88, -0.00, 4.59, -0.82
2, 0.49, 3.78, 38.96, -0.00, 0.81, -1.54
1, 0.50, 18.08, -5.88, -0.00, 4.59, -0.82
2, 0.50, 3.78, 38.96, -0.00, 0.81, -1.54
1, 0.51, 18.08, -5.88, -0.00, 4.59, -0.82
2, 0.51, 3.78, 38.96, -0.00, 0.81, -1.54
1, 0.52, 18.08, -5.88, -0.00, 4.59, -0.82
2, 0.52, 3.78, 38.96, -0.00, 0.81, -1.54
1, 0.53, 18.08, -5.88, -0.00, 4.59, -0.82
2, 0.53, 3.78, 38.96, -0.00, 0.81, -1.54
1, 0.54, 18.08, -5.88, -0.00, 4.59, -0.82
2, 0.54, 3.78, 38.96, -0.00, 0.81, -1.54
1, 0.55, 18.08, -5.88, -0.00, 4.59, -0.82
2, 0.55, 3.78, 38.96, -0.00, 0.81, -1.54
1, 0.56, 18.08, -5.88, -0.00, 4.59, -0.82
2, 0.56, 3.78, 38.96, -0.00, 0.81, -1.54
1, 0.57, 18.08, -5.88, -0.00, 4.59, -0.82
2, 0.57, 3.78, 38.96, -0.00, 0.81, -1.54
1, 0.58, 18.08, -5.88, -0.00, 4.59, -0.82
2, 0.58, 3.78, 38.96, -0.00, 0.81, -1.54
1, 0.59, 18.08, -5.88, -0.00, 4.59, -0.82
2, 0.59, 3.78, 38.96, -0.00, 0.81, -1.54
1, 0.60, 18.08, -5.88, -0.00, 4.59, -0.82
2, 0.60, 3.78, 38.96, -0.00, 0.81, -1.54
1, 0.61, 18.08, -5.88, -0.00, 4.59, -0.82
2, 0.61, 3.78, 38.96, -0.00, 0.81, -1.54
1, 0.62, 18.08, -5.88, -0.00, 4.59, -0.82
2, 0.62, 3.78, 38.96, -0.00, 0.81, -1.54
1, 0.63, 18.08, -5.88, -0.00, 4.59, -0.82
2, 0.63, 3.78, 38.96, -0.00, 0.81, -1.54
1, 0.64, 18.08, -5.88, -0.00, 4.59, -0.82
2, 0.64, 3.78, 38.96, -0.00, 0.81, -1.54
1, 0.65, 18.08, -5.88, -0.00, 4.59, -0.82
2, 0.65, 3.78, 38.96, -0.00, 0.81, -1.54
1, 0.66, 18.08, -5.88, -0.00, 4.59, -0.82
2, 0.66, 3.78, 38.96, -0.00, 0.81, -1.54
1, 0.67, 18.08, -5.88, -0.00, 4.59, -0.82
2, 0.67, 3.78, 38.96, -0.00, 0.81, -1.54
1, 0.68, 18.08, -5.88, -0.00, 4.59, -0.82
2, 0.68, 3.78, 38.96, -0.00, 0.81, -1.54
1, 0.69, 18.08, -5.88, -0.00, 4.59, -0.82
2, 0.69, 3.78, 38.96, -0.00, 0.81, -1.54
1, 0.70, 18.08, -5.88, -0.00, 4.59, -0.82
2, 0.70, 3.78, 38.96, -0.00, 0.81, -1.54
1, 0.71, 18.08, -5.88, -0.00, 4.59, -0.82
2, 0.71, 3.78, 38.96, -0.00, 0.81, -1.54
1, 0.72, 18.08, -5.88, -0.00, 4.59, -0.82
2, 0.72, 3.78, 38.96, -0.00, 0.81, -1.54
1, 0.73, 18.08, -5.88, -0.00, 4.59, -0.82
2, 0.73, 3.78, 38.96, -0.00, 0.81, -1.54
1, 0.74, 18.08, -5.88, -0.00, 4.59, -0.82
2, 0.74, 3.78, 38.96, -0.00, 0.81, -1.54
1, 0.75, 18.08, -5.88, -0.00, 4.59, -0.82
2, 0.75, 3.78, 38.96, -0.00, 0.81, -1.54
1, 0.76, 18.08, -5.88, -0.00, 4.59, -0.82
2, 0.76, 3.78, 38.96, -0.00, 0.81, -1.54
1, 0.77, 18.08, -5.88, -0.00, 4.59, -0.82
2, 0.77, 3.78, 38.96, -0.00, 0.81, -1.54
1, 0.78, 18.08, -5.88, -0.00, 4.59, -0.82
2, 0.78, 3.78, 38.96, -0.00, 0.81, -1.54
1, 0.79, 18.08, -5.88, -0.00, 4.59, -0.82
2, 0.79, 3.78, 38.96, -0.00, 0.81, -1.54
1, 0.80, 18.08, -5.88, -0.00, 4.59, -0.82
2, 0.80, 3.78, 38.96, -0.00, 0.81, -1.54
1, 0.81, 18.08, -5.88, -0.00, 4.59, -0.82
2, 0.81, 3.78, 38.96, -0.00, 0.81, -1.54
1, 0.82, 18.08, -5.88, -0.00, 4.59, -0.82
2, 0.82, 3.78, 38.96, -0.00, 0.81, -1.54
1, 0.83, 18.08, -5.88, -0.00, 4.59, -0.82
2, 0.83, 3.78, 38.96, -0.00, 0.81, -1.54
1, 0.84, 18.08, -5.88, -0.00, 4.59, -0.82
2, 0.84, 3.78, 38.96, -0.00, 0.81, -1.54
1, 0.85, 18.08, -5.88, -0.00, 4.59, -0.82
2, 0.85, 3.78, 38.96, -0.00, 0.81, -1.54
1, 0.86, 18.08, -5.88, -0.00, 4.59, -0.82
2, 0.86, 3.78, 38.96, -0.00, 0.81, -1.54
1, 0.87, 18.08, -5.88, -0.00, 4.59, -0.82
2, 0.87, 3.78, 38.96, -0.00, 0.81, -1.54
1, 0.88, 18.08, -5.88, -0.00, 4.59, -0.82
2, 0.88, 3.78, 38.96, -0.00, 0.81, -1.54
1, 0.89, 18.08, -5.88, -0.00, 4.59, -0.82
2, 0.89, 3.78, 38.96, -0.00, 0.81, -1.54
1, 0.90, 18.08, -5.88, -0.00, 4.59, -0.82
2, 0.90, 3.78, 38.96, -0.00, 0.81, -1.54
1, 0.91, 18.08, -5.88, -0.00, 4.59, -0.82
2, 0.91, 3.78, 38.96, -0.00, 0.81, -1.54
1, 0.92, 18.08, -5.88, -0.00, 4.59, -0.82
2, 0.92, 3.78, 38.96, -0.00, 0.81, -1.54
1, 0.93, 18.08, -5.88, -0.00, 4.59, -0.82
2, 0.93, 3.78, 38.96, -0.00, 0.81, -1.54
1, 0.94, 18.08, -5.88, -0.00, 4.59, -0.82
2, 0.94, 3.78, 38.96, -0.00, 0.81, -1.54
1, 0.95, 18.08, -5.88, -0.00, 4.59, -0.82
2, 0.95, 3.78, 38.96, -0.00, 0.81, -1.54
1, 0.96, 18.08, -5.88, -0.00, 4.59, -0.82
2, 0.96, 3.78, 38.96, -0.00, 0.81, -1.54
1, 0.97, 18.08, -5.88, -0.00, 4.59, -0.82
2, 0.97, 3.78, 38.96, -0.00, 0.81, -1.54
1, 0.98, 18.08, -5.88, -0.00, 4.59, -0.82
2, 0.98, 3.78, 38.96, -0.00, 0.81, -1.54
1, 0.99, 18.08, -5.88, -0.00, 4.59, -0.82
2, 0.99, 3.78, 38.96, -0.00, 0.81, -1.54
1, 1.00, 18.08, -5.88, -0.00, 4.59, -0.82
2, 1.00, 3.78, 38.96, -0.00, 0.81, -1.54
1, 1.01, 18.08, -5.88, -0.00, 4.59, -0.82
2, 1.01, 3.78, 38.96, -0.00, 0.81, -1.54
1, 1.02, 18.08, -5.88, -0.00, 4.59, -0.82
2, 1.02, 3.78, 38.96, -0.00, 0.81, -1.54
1, 1.03, 18.08, -5.88, -0.00, 4.59, -0.82
2, 1.03, 3.78, 38.96, -0.00, 0.81, -1.54
1, 1.04, 18.08, -5.88, -0.00, 4.59, -0.82
2, 1.04, 3.78, 38.96, -0.00, 0.81, -1.54
1, 1.05, 18.08, -5.88, -0.00, 4.59, -0.82
2, 1.05, 3.78, 38.96, -0.00, 0.81, -1.54
1, 1.06, 18.08, -5.88, -0.00, 4.59, -0.82
2, 1.06, 3.78, 38.96, -0.00, 0.81, -1.54
1, 1.07, 18.08, -5.88, -0.00, 4.59, -0.82
2, 1.07, 3.78, 38.96, -0.00, 0.81, -1.54
1, 1.08, 18.08, -5.88, -0.00, 4.59, -0.82
2, 1.08, 3.78, 38.96, -0.00, 0.81, -1.54
1, 1.09, 18.08, -5.88, -0.00, 4.59, -0.82
2, 1.09, 3.78, 38.96, -0.00, 0.81, -1.54
1, 1.10, 18.08, -5.88, -0.00, 4.59, -0.82
2, 1.10, 3.78, 38.96, -0.00, 0.81, -1.54
1, 1.11, 18.08, -5.88, -0.00, 4.59, -0.82
2, 1.11, 3.78, 38.96, -0.00, 0.81, -1.54
1, 1.12, 18.08, -5.88, -0.00, 4.59, -0.82
2, 1.12, 3.78, 38.96, -0.00, 0.81, -1.54
1, 1.13, 18.08, -5.88, -0.00, 4.59, -0.82
2, 1.13, 3.78, 38.96, -0.00, 0.81, -1.54
1, 1.14, 18.08, -5.88, -0.00, 4.59, -0.82
2, 1.14, 3.78, 38.96, -0.00, 0.81, -1.54
1, 1.15, 18.08, -5.88, -0.00, 4.59, -0.82
2, 1.15, 3.78, 38.96, -0.00, 0.81, -1.54
1, 1.16, 18.08, -5.88, -0.00, 4.59, -0.82
2, 1.16, 3.78, 38.96, -0.00, 0.81, -1.54
1, 1.17, 18.08, -5.88, -0.00, 4.59, -0.82
2, 1.17, 3.78, 38.96, -0.00, 0.81, -1.54
1, 1.18, 18.08, -5.88, -0.00, 4.59, -0.82
2, 1.18, 3.78, 38.96, -0.00, 0.81, -1.54
1, 1.19, 18.08, -5.88, -0.00, 4.59, -0.82
2, 1.19, 3.78, 38.96, -0.00, 0.81, -1.54
1, 1.20, 18.08, -5.88, -0.00, 4.59, -0.82
2, 1.20, 3.78, 38.96, -0.00, 0.81, -1.54
1, 1.21, 18.08, -5.88, -0.00, 4.59, -0.82
2, 1.21, 3.78, 38.96, -0.00, 0.81, -1.54
1, 1.22, 18.08, -5.88, -0.00, 4.59, -0.82
2, 1.22, 3.78, 38.96, -0.00, 0.81, -1.54
1, 1.23, 18.08, -5.88, -0.00, 4.59, -0.82
2, 1.23, 3.78, 38.96, -0.00, 0.81, -1.54
1, 1.24, 18.08, -5.88, -0.00, 4.59, -0.82
2, 1.24, 3.78, 38.96, -0.00, 0.81, -1.54
1, 1.25, 18.08, -5.88, -0.00, 4.59, -0.82
2, 1.25, 3.78, 38.96, -0.00, 0.81, -1.54
1, 1.26, 18.08, -5.88, -0.00, 4.59, -0.82
2, 1.26, 3.78, 38.96, -0.00, 0.81, -1.54
1, 1.27, 18.08, -5.88, -0.00, 4.59, -0.82
2, 1.27, 3.78, 38.96, -0.00, 0.81, -1.54
1, 1.28, 18.08, -5.88, -0.00, 4.59, -0.82
2, 1.28, 3.78, 38.96, -0.00, 0.81, -1.54
1, 1.29, 18.08, -5.88, -0.00, 4.59, -0.82
2, 1.29, 3.78, 38.96, -0.00, 0.81, -1.54
1, 1.30, 18.08, -5.88, -0.00, 4.59, -0.82
2, 1.30, 3.78, 38.96, -0.00, 0.81, -1.54
1, 1.31, 18.08, -5.88, -0.00, 4.59, -0.82
2, 1.31, 3.78, 38.96, -0.00, 0.81, -1.54
1, 1.32, 18.08, -5.88, -0.00, 4.59, -0.82
2, 1.32, 3.78, 38.96, -0.00, 0.81, -1.54
1, 1.33, 18.08, -5.88, -0.00, 4.59, -0.82
2, 1.33, 3.78, 38.96, -0.00, 0.81, -1.54
1, 1.34, 18.08, -5.88, -0.00, 4.59, -0.82
2, 1.34, 3.78, 38.96, -0.00, 0.81, -1.54
1, 1.35, 18.08, -5.88, -0.00, 4.59, -0.82
2, 1.35, 3.78, 38.96, -0.00, 0.81, -1.54
1, 1.36, 18.08, -5.88, -0.00, 4.59, -0.82
2, 1.36, 3.78, 38.96, -0.00, 0.81, -1.54
1, 1.37, 18.08, -5.88, -0.00, 4.59, -0.82
2, 1.37, 3.78, 38.96, -0.00, 0.81, -1.54
1, 1.38, 18.08, -5.88, -0.00, 4.59, -0.82
2, 1.38, 3.78, 38.96, -0.00, 0.81, -1.54
1, 1.39, 18.08, -5.88, -0.00, 4.59, -0.82
2, 1.39, 3.78, 38.96, -0.00, 0.81, -1.54
1, 1.40, 18.08, -5.88, -0.00, 4.59, -0.82
2, 1.40, 3.78, 38.96, -0.00, 0.81, -1.54
1, 1.41, 18.08, -5.88, -0.00, 4.59, -0.82
2, 1.41, 3.78, 38.96, -0.00, 0.81, -1.54
1, 1.42, 18.08, -5.88, -0.00, 4.59, -0.82
2, 1.42, 3.78, 38.96, -0.00, 0.81, -1.54
1, 1.43, 18.08, -5.88, -0.00, 4.59, -0.82
2, 1.43, 3.78, 38.96, -0.00, 0.81, -1.54
1, 1.44, 18.08, -5.88, -0.00, 4.59, -0.82
2, 1.44, 3.78, 38.96, -0.00, 0.81, -1.54
1, 1.45, 18.08, -5.88, -0.00, 4.59, -0.82
2, 1.45, 3.78, 38.96, -0.00, 0.81, -1.54
1, 1.46, 18.08, -5.88, -0.00, 4.59, -0.82
2, 1.46, 3.78, 38.96, -0.00, 0.81, -1.54
1, 1.47, 18.08, -5.88, -0.00, 4.59, -0.82
2, 1.47, 3.78, 38.96, -0.00, 0.81, -1.54
1, 1.48, 18.08, -5.88, -0.00, 4.59, -0.82
2, 1.48, 3.78, 38.96, -0.00, 0.81, -1.54
1, 1.49, 18.08, -5.88, -0.00, 4.59, -0.82
2, 1.49, 3.78, 38.96, -0.00, 0.81, -1.54
1, 1.50, 18.08, -5.88, -0.00, 4.59, -0.82
2, 1.50, 3.78, 38.96, -0.00, 0.81, -1.54
1, 1.51, 18.08, -5.88, -0.00, 4.59, -0.82
2, 1.51, 3.78, 38.96, -0.00, 0.81, -1.54
1, 1.52, 18.08, -5.88, -0.00, 4.59, -0.82
2, 1.52, 3.78, 38.96, -0.00, 0.81, -1.54
1, 1.53, 18.08, -5.88, -0.00, 4.59, -0.82
2, 1.53, 3.78, 38.96, -0.00, 0.81, -1.54
1, 1.54, 18.08, -5.88, -0.00, 4.59, -0.82
2, 1.54, 3.78, 38.96, -0.00, 0.81, -1.54
1, 1.55, 18.08, -5.88, -0.00, 4.59, -0.82
2, 1.55, 3.78, 38.96, -0.00, 0.81, -1.54
1, 1.56, 18.08, -5.88, -0.00, 4.59, -0.82
2, 1.56, 3.78, 38.96, -0.00, 0.81, -1.54
1, 1.57, 18.08, -5.88, -0.00, 4.59, -0.82
2, 1.57, 3.78, 38.96, -0.00, 0.81, -1.54
1, 1.58, 18.08, -5.88, -0.00, 4.59, -0.82
2, 1.58, 3.78, 38.96, -0.00, 0.81, -1.54
1, 1.59, 18.08, -5.88, -0.00, 4.59, -0.82
2, 1.59, 3.78, 38.96, -0.00, 0.81, -1.54
1, 1.60, 18.08, -5.88, -0.00, 4.59, -0.82
2, 1.60, 3.78, 38.96, -0.00, 0.81, -1.54
1, 1.61, 18.08, -5.88, -0.00, 4.59, -0.82
2, 1.61, 3.78, 38.96, -0.00, 0.81, -1.54
1, 1.62, 18.08, -5.88, -0.00, 4.59, -0.82
2, 1.62, 3.78, 38.96, -0.00, 0.81, -1.54
1, 1.63, 18.08, -5.88, -0.00, 4.59, -0.82
2, 1.63, 3.78, 38.96, -0.00, 0.81, -1.54
1, 1.64, 18.08, -5.88, -0.00, 4.59, -0.82
2, 1.64, 3.78, 38.96, -0.00, 0.81, -1.54
1, 1.65, 18.08, -5.88, -0.00, 4.59, -0.82
2, 1.65, 3.78, 38.96, -0.00, 0.81, -1.54
1, 1.66, 18.08, -5.88, -0.00, 4.59, -0.82
2, 1.66, 3.78, 38.96, -0.00, 0.81, -1.54
1, 1.67, 18.08, -5.88, -0.00, 4.59, -0.82
2, 1.67, 3.78, 38.96, -0.00, 0.81, -1.54
1, 1.68, 18.08, -5.88, -0.00, 4.59, -0.82
2, 1.68, 3.78, 38.96, -0.00, 0.81, -1.54
1, 1.69, 18.08, -5.88, -0.00, 4.59, -0.82
2, 1.69, 3.78, 38.96, -0.00, 0.81, -1.54
1, 1.70, 18.08, -5.88, -0.00, 4.59, -0.82
2, 1.70, 3.78, 38.96, -0.00, 0.81, -1.54
1, 1.71, 18.08, -5.88, -0.00, 4.59, -0.82
2, 1.71, 3.78, 38.96, -0.00, 0.81, -1.54
1, 1.72, 18.08, -5.88, -0.00, 4.59, -0.82
2, 1.72, 3.78, 38.96, -0.00, 0.81, -1.54
1, 1.73, 18.08, -5.88, -0.00, 4.59, -0.82
2, 1.73, 3.78, 38.96, -0.00, 0.81, -1.54
1, 1.74, 18.08, -5.88, -0.00, 4.59, -0.82
2, 1.74, 3.78, 38.96, -0.00, 0.81, -1.54
1, 1.75, 18.08, -5.88, -0.00, 4.59, -0.82
2, 1.75, 3.78, 38.96, -0.00, 0.81, -1.54
1, 1.76, 18.08, -5.88, -0.00, 4.59, -0.82
2, 1.76, 3.78, 38.96, -0.00, 0.81, -1.54
1, 1.77, 18.08, -5.88, -0.00, 4.59, -0.82
2, 1.77, 3.78, 38.96, -0.00, 0.81, -1.54
1, 1.78, 18.08, -5.88, -0.00, 4.59, -0.82
2, 1.78, 3.78, 38.96, -0.00, 0.81, -1.54
1, 1.79, 18.08, -5.88, -0.00, 4.59, -0.82
2, 1.79, 3.78, 38.96, -0.00, 0.81, -1.54
1, 1.80, 18.08, -5.88, -0.00, 4.59, -0.82
2, 1.80, 3.78, 38.96, -0.00, 0.81, -1.54
1, 1.81, 18.08, -5.88, -0.00, 4.59, -0.82
2, 1.81, 3.78, 38.96, -0.00, 0.81, -1.54
1, 1.82, 18.08, -5.88, -0.00, 4.59, -0.82
2, 1.82, 3.78, 38.96, -0.00, 0.81, -1.54
1, 1.83, 18.08, -5.88, -0.00, 4.59, -0.82
2, 1.83, 3.78, 38.96, -0.00, 0.81, -1.54
1, 1.84, 18.08, -5.88, -0.00, 4.59, -0.82
2, 1.84, 3.78, 38.96, -0.00, 0.81, -1.54
1, 1.85, 18.08, -5.88, -0.00, 4.59, -0.82
2, 1.85, 3.78, 38.96, -0.00, 0.81, -1.54
1, 1.86, 18.08, -5.88, -0.00, 4.59, -0.82
2, 1.86, 3.78, 38.96, -0.00, 0.81, -1.54
1, 1.87, 18.08, -5.88, -0.00, 4.59, -0.82
2, 1.87, 3.78, 38.96, -0.00, 0.81, -1.54
1, 1.88, 18.08, -5.88, -0.00, 4.59, -0.82
2, 1.88, 3.78, 38.96, -0.00, 0.81, -1.54
1, 1.89, 18.08, -5.88, -0.00, 4.59, -0.82
2, 1.89, 3.78, 38.96, -0.00, 0.81, -1.54
1, 1.90, 18.08, -5.88, -0.00, 4.59, -0.82
2, 1.90, 3.78, 38.96, -0.00, 0.81, -1.54
1, 1.91, 18.08, -5.88, -0.00, 4.59, -0.82
2, 1.91, 3.78, 38.96, -0.00, 0.81, -1.54
1, 1.92, 18.08, -5.88, -0.00, 4.59, -0.82
2, 1.92, 3.78, 38.96, -0.00, 0.81, -1.54
1, 1.93, 18.08, -5.88, -0.00, 4.59, -0.82
2, 1.93, 3.78, 38.96, -0.00, 0.81, -1.54
1, 1.94, 18.08, -5.88, -0.00, 4.59, -0.82
2, 1.94, 3.78, 38.96, -0.00, 0.81, -1.54
1, 1.95, 18.08, -5.88, -0.00, 4.59, -0.82
2, 1.95, 3.78, 38.96, -0.00, 0.81, -1.54
1, 1.96, 18.08, -5.88, -0.00, 4.59, -0.82
2, 1.96, 3.78, 38.96, -0.00, 0.81, -1.54
1, 1.97, 18.08, -5.88, -0.00, 4.59, -0.82
2, 1.97, 3.78, 38.96, -0.00, 0.81, -1.54
1, 1.98, 18.08, -5.88, -0.00, 4.59, -0.82
2, 1.98, 3.78, 38.96, -0.00, 0.81, -1.54
1, 1.99, 18.08, -5.88, -0.00, 4.59, -0.82
2, 1.99, 3.78, 38.96, -0.00, 0.81, -1.54
1, 2.00, 18.08, -5.88, -0.00, 4.59, -0.82
2, 2.00, 3.78, 38.96, -0.00, 0.81, -1.54
1, 2.01, 18.08, -5.88, -0.00, 4.59, -0.82
2, 2.01, 3.78, 38.96, -0.00, 0.81, -1.54
1, 2.02, 18.08, -5.88, -0.00, 4.59, -0.82
2, 2.02, 3.78, 38.96, -0.00, 0.81, -1.54
1, 2.03, 18.08, -5.88, -0.00, 4.59, -0.82
2, 2.03, 3.78, 38.96, -0.00, 0.81, -1.54
1, 2.04, 18.08, -5.88, -0.00, 4.59, -0.82
2, 2.04, 3.78, 38.96, -0.00, 0.81, -1.54
1, 2.05, 18.08, -5.88, -0.00, 4.59, -0.82
2, 2.05, 3.78, 38.96, -0.00, 0.81, -1.54
1, 2.06, 18.08, -5.88, -0.00, 4.59, -0.82
2, 2.06, 3.78, 38.96, -0.00, 0.81, -1.54
1, 2.07, 18.08, -5.88, -0.00, 4.59, -0.82
2, 2.07, 3.78, 38.96, -0.00, 0.81, -1.54
1, 2.08, 18.08, -5.88, -0.00, 4.59, -0.82
2, 2.08, 3.78, 38.96, -0.00, 0.81, -1.54
1, 2.09, 18.08, -5.88, -0.00, 4.59, -0.82
2, 2.09, 3.78, 38.96, -0.00, 0.81, -1.54
1, 2.10, 18.08, -5.88, -0.00, 4.59, -0.82
2, 2.10, 3.78, 38.96, -0.00, 0.81, -1.54
1, 2.11, 18.08, -5.88, -0.00, 4.59, -0.82
2, 2.11, 3.78, 38.96, -0.00, 0.81, -1.54
1, 2.12, 18.08, -5.88, -0.00, 4.59, -0.82
2, 2.12, 3.78, 38.96, -0.00, 0.81, -1.54
1, 2.13, 18.08, -5.88, -0.00, 4.59, -0.82
2, 2.13, 3.78, 38.96, -0.00, 0.81, -1.54
1, 2.14, 18.08, -5.88, -0.00, 4.59, -0.82
2, 2.14, 3.78, 38.96, -0.00, 0.81, -1.54
1, 2.15, 18.08, -5.88, -0.00, 4.59, -0.82
2, 2.15, 3.78, 38.96, -0.00, 0.81, -1.54
1, 2.16, 18.08, -5.88, -0.00, 4.59, -0.82
2, 2.16, 3.78, 38.96, -0.00, 0.81, -1.54
1, 2.17, 18.08, -5.88, -0.00, 4.59, -0.82
2, 2.17, 3.78, 38.96, -0.00, 0.81, -1.54
1, 2.18, 18.08, -5.88, -0.00, 4.59, -0.82
2, 2.18, 3.78, 38.96, -0.00, 0.81, -1.54
1, 2.19, 18.08, -5.88, -0.00, 4.59, -0.82
2, 2.19, 3.78, 38.96, -0.00, 0.81, -1.54
1, 2.20, 18.08, -5.88, -0.00, 4.59, -0.82
2, 2.20, 3.78, 38.96, -0.00, 0.81, -1.54
1, 2.21, 18.08, -5.88, -0.00, 4.59, -0.82
2, 2.21, 3.78, 38.96, -0.00, 0.81, -1.54
1, 2.22, 18.08, -5.88, -0.00, 4.59, -0.82
2, 2.22, 3.78, 38.96, -0.00, 0.81, -1.54
1, 2.23, 18.08, -5.88, -0.00, 4.59, -0.82
2, 2.23, 3.78, 38.96, -0.00, 0.81, -1.54
1, 2.24, 18.08, -5.88, -0.00, 4.59, -0.82
2, 2.24, 3.78, 38.96, -0.00, 0.81, -1.54
1, 2.25, 18.08, -5.88, -0.00, 4.59, -0.82
2, 2.25, 3.78, 38.96, -0.00, 0.81, -1.54
1, 2.26, 18.08, -5.88, -0.00, 4.59, -0.82
2, 2.26, 3.78, 38.96, -0.00, 0.81, -1.54
1, 2.27, 18.08, -5.88, -0.00, 4.59, -0.82
2, 2.27, 3.78, 38.96, -0.00, 0.81, -1.54
1, 2.28, 18.08, -5.88, -0.00, 4.59, -0.82
2, 2.28, 3.78, 38.96, -0.00, 0.81, -1.54
1, 2.29, 18.08, -5.88, -0.00, 4.59, -0.82
2, 2.29, 3.78, 38.96, -0.00, 0.81, -1.54
1, 2.30, 18.08, -5.88, -0.00, 4.59, -0.82
2, 2.30, 3.78, 38.96, -0.00, 0.81, -1.54
1, 2.31, 18.08, -5.88, -0.00, 4.59, -0.82
2, 2.31, 3.78, 38.96, -0.00, 0.81, -1.54
1, 2.32, 18.08, -5.88, -0.00, 4.59, -0.82
2, 2.32, 3.78, 38.96, -0.00, 0.81, -1.54
1, 2.33, 18.08, -5.88, -0.00, 4.59, -0.82
2, 2.33, 3.78, 38.96, -0.00, 0.81, -1.54
1, 2.34, 18.08, -5.88, -0.00, 4.59, -0.82
2, 2.34, 3.78, 38.96, -0.00, 0.81, -1.54
1, 2.35, 18.08, -5.88, -0.00, 4.59, -0.82
2, 2.35, 3.78, 38.96, -0.00, 0.81, -1.54
1, 2.36, 18.08, -5.88, -0.00, 4.59, -0.82
2, 2.36, 3.78, 38.96, -0.00, 0.81, -1.54
1, 2.37, 18.08, -5.88, -0.00, 4.59, -0.82
2, 2.37, 3.78, 38.96, -0.00, 0.81, -1.54
1, 2.38, 18.08, -5.88, -0.00, 4.59, -0.82
2, 2.38, 3.78, 38.96, -0.00, 0.81, -1.54
1, 2.39, 18.08, -5.88, -0.00, 4.59, -0.82
2, 2.39, 3.78, 38.96, -0.00, 0.81, -1.54
1, 2.40, 18.08, -5.88, -0.00, 4.59, -0.82
2, 2.40, 3.78, 38.96, -0.00, 0.81, -1.54
1, 2.41, 18.08, -5.88, -0.00, 4.59, -0.82
2, 2.41, 3.78, 38.96, -0.00, 0.81, -1.54
1, 2.42, 18.08, -5.88, -0.00, 4.59, -0.82
2, 2.42, 3.78, 38.96, -0.00, 0.81, -1.54
1, 2.43, 18.08, -5.88, -0.00, 4.59, -0.82
2, 2.43, 3.78, 38.96, -0.00, 0.81, -1.54
1, 2.44, 18.08, -5.88, -0.00, 4.59, -0.82
2, 2.44, 3.78, 38.96, -0.00, 0.81, -1.54
1, 2.45, 18.08, -5.88, -0.00, 4.59, -0.82
2, 2.45, 3.78, 38.96, -0.00, 0.81, -1.54
1, 2.46, 18.08, -5.88, -0.00, 4.59, -0.82
2, 2.46, 3.78, 38.96, -0.00, 0.81, -1.54
1, 2.47, 18.08, -5.88, -0.00, 4.59, -0.82
2, 2.47, 3.78, 38.96, -0.00, 0.81, -1.54
1, 2.48, 18.08, -5.88, -0.00, 4.59, -0.82
2, 2.48, 3.78, 38.96, -0.00, 0.81, -1.54
1, 2.49, 18.08, -5.88, -0.00, 4.59, -0.82
2, 2.49, 3.78, 38.96, -0.00, 0.81, -1.54
1, 2.50, 18.08, -5.88, -0.00, 4.59, -0.82
2, 2.50, 3.78, 38.96, -0.00, 0.81, -1.54
1, 2.51, 18.08, -5.88, -0.00, 4.59, -0.82
2, 2.51, 3.78, 38.96, -0.00, 0.81, -1.54
1, 2.52, 18.08, -5.88, -0.00, 4.59, -0.82
2, 2.52, 3.78, 38.96, -0.00, 0.81, -1.54
1, 2.53, 18.08, -5.88, -0.00, 4.59, -0.82
2, 2.53, 3.78, 38.96, -0.00, 0.81, -1.54
1, 2.54, 18.08, -5.88, -0.00, 4.59, -0.82
2, 2.54, 3.78, 38.96, -0.00, 0.81, -1.54
1, 2.55, 18.08, -5.88, -0.00, 4.59, -0.82
2, 2.55, 3.78, 38.96, -0.00, 0.81, -1.54
1, 2.56, 18.08, -5.88, -0.00, 4.59, -0.82
2, 2.56, 3.78, 38.96, -0.00, 0.81, -1.54
1, 2.57, 18.08, -5.88, -0.00, 4.59, -0.82
2, 2.57, 3.78, 38.96, -0.00, 0.81, -1.54
1, 2.58, 18.08, -5.88, -0.00, 4.59, -0.82
2, 2.58, 3.78, 38.96, -0.00, 0.81, -1.54
1, 2.59, 18.08, -5.88, -0.00, 4.59, -0.82
2, 2.59, 3.78, 38.96, -0.00, 0.81, -1.54
1, 2.60, 18.08, -5.88, -0.00, 4.59, -0.82
2, 2.60, 3.78, 38.96, -0.00, 0.81, -1.54
1, 2.61, 18.08, -5.88, -0.00, 4.59, -0.82
2, 2.61, 3.78, 38.96, -0.00, 0.81, -1.54
1, 2.62, 18.08, -5.88, -0.00, 4.59, -0.82
2, 2.62, 3.78, 38.96, -0.00, 0.81, -1.54
1, 2.63, 18.08, -5.88, -0.00, 4.59, -0.82
2, 2.63, 3.78, 38.96, -0.00, 0.81, -1.54
1, 2.64, 18.08, -5.88, -0.00, 4.59, -0.82
2, 2.64, 3.78, 38.96, -0.00, 0.81, -1.54
1, 2.65, 18.08, -5.88, -0.00, 4.59, -0.82
2, 2.65, 3.78, 38.96, -0.00, 0.81, -1.54
1, 2.66, 18.08, -5.88, -0.00, 4.59, -0.82
2, 2.66, 3.78, 38.96, -0.00, 0.81, -1.54
1, 2.67, 18.08, -5.88, -0.00, 4.59, -0.82
2, 2.67, 3.78, 38.96, -0.00, 0.81, -1.54
1, 2.68, 18.08, -5.88, -0.00, 4.59, -0.82
2, 2.68, 3.78, 38.96, -0.00, 0.81, -1.54
1, 2.69, 18.08, -5.88, -0.00, 4.59, -0.82
2, 2.69, 3.78, 38.96, -0.00, 0.81, -1.54
1, 2.70, 18.08, -5.88, -0.00, 4.59, -0.82
2, 2.70, 3.78, 38.96, -0.00, 0.81, -1.54
1, 2.71, 18.08, -5.88, -0.00, 4.59, -0.82
2, 2.71, 3.78, 38.96, -0.00, 0.81, -1.54
1, 2.72, 18.08, -5.88, -0.00, 4.59, -0.82
2, 2.72, 3.78, 38.96, -0.00, 0.81, -1.54
1, 2.73, 18.08, -5.88, -0.00, 4.59, -0.82
2, 2.73, 3.78, 38.96, -0.00, 0.81, -1.54
1, 2.74, 18.08, -5.88, -0.00, 4.59, -0.82
2, 2.74, 3.78, 38.96, -0.00, 0.81, -1.54
1, 2.75, 18.08, -5.88, -0.00, 4.59, -0.82
2, 2.75, 3.78, 38.96, -0.00, 0.81, -1.54
1, 2.76, 18.08, -5.88, -0.00, 4.59, -0.82
2, 2.76, 3.78, 38.96, -0.00, 0.81, -1.54
1, 2.77, 18.08, -5.88, -0.00, 4.59, -0.82
2, 2.77, 3.78, 38.96, -0.00, 0.81, -1.54
1, 2.78, 18.08, -5.88, -0.00, 4.59, -0.82
2, 2.78, 3.78, 38.96, -0.00, 0.81, -1.54
1, 2.79, 18.08, -5.88, -0.00, 4.59, -0.82
2, 2.79, 3.78, 38.96, -0.00, 0.81, -1.54
1, 2.80, 18.08, -5.88, -0.00, 4.59, -0.82
2, 2.80, 3.78, 38.96, -0.00, 0.81, -1.54
1, 2.81, 18.08, -5.88, -0.00, 4.59, -0.82
2, 2.81, 3.78, 38.96, -0.00, 0.81, -1.54
1, 2.82, 18.08, -5.88, -0.00, 4.59, -0.82
2, 2.82, 3.78, 38.96, -0.00, 0.81, -1.54
1, 2.83, 18.08, -5.88, -0.00, 4.59, -0.82
2, 2.83, 3.78, 38.96, -0.00, 0.81, -1.54
1, 2.84, 18.08, -5.88, -0.00, 4.59, -0.82
2, 2.84, 3.78, 38.96, -0.00, 0.81, -1.54
1, 2.85, 18.08, -5.88, -0.00, 4.59, -0.82
2, 2.85, 3.78, 38.96, -0.00, 0.81, -1.54
1, 2.86, 18.08, -5.88, -0.00, 4.59, -0.82
2, 2.86, 3.78, 38.96, -0.00, 0.81, -1.54
1, 2.87, 18.08, -5.88, -0.00, 4.59, -0.82
2, 2.87, 3.78, 38.96, -0.00, 0.81, -1.54
1, 2.88, 18.08, -5.88, -0.00, 4.59, -0.82
2, 2.88, 3.78, 38.96, -0.00, 0.81, -1.54
1, 2.89, 18.08, -5.88, -0.00, 4.59, -0.82
2, 2.89, 3.78, 38.96, -0.00, 0.81, -1.54
1, 2.90, 18.08, -5.88, -0.00, 4.59, -0.82
2, 2.90, 3.78, 38.96, -0.00, 0.81, -1.54
1, 2.91, 18.08, -5.88, -0.00, 4.59, -0.82
2, 2.91, 3.78, 38.96, -0.00, 0.81, -1.54
1, 2.92, 18.08, -5.88, -0.00, 4.59, -0.82
2, 2.92, 3.78, 38.96, -0.00, 0.81, -1.54
1, 2.93, 18.08, -5.88, -0.00, 4.59, -0.82
2, 2.93, 3.78, 38.96, -0.00, 0.81, -1.54
1, 2.94, 18.08, -5.88, -0.00, 4.59, -0.82
2, 2.94, 3.78, 38.96, -0.00, 0.81, -1.54
1, 2.95, 18.08, -5.88, -0.00, 4.59, -0.82
2, 2.95, 3.78, 38.96, -0.00, 0.81, -1.54
1, 2.96, 18.08, -5.88, -0.00, 4.59, -0.82
2, 2.96, 3.78, 38.96, -0.00, 0.81, -1.54
1, 2.97, 18.08, -5.88, -0.00, 4.59, -0.82
2, 2.97, 3.78, 38.96, -0.00, 0.81, -1.54
1, 2.98, 18.08, -5.88, -0.00, 4.59, -0.82
2, 2.98, 3.78, 38.96, -0.00, 0.81, -1.54
1, 2.99, 18.08, -5.88, -0.00, 4.59, -0.82
2, 2.99, 3.78, 38.96, -0.00, 0.81, -1.54
1, 3.00, 18.08, -5.88, -0.00, 4.59, -0.82
2, 3.00, 3.78, 38.96, -0.00, 0.81, -1.54
1, 3.01, 18.08, -5.88, -0.00, 4.59, -0.82
2, 3.01, 3.78, 38.96, -0.00, 0.81, -1.54
1, 3.02, 18.08, -5.88, -0.00, 4.59, -0.82
2, 3.02, 3.78, 38.96, -0.00, 0.81, -1.54
1, 3.03, 18.08, -5.88, -0.00, 4.59, -0.82
2, 3.03, 3.78, 38.96, -0.00, 0.81, -1.54
1, 3.04, 18.08, -5.88, -0.00, 4.59, -0.82
2, 3.04, 3.78, 38.96, -0.00, 0.81, -1.54
1, 3.05, 18.08, -5.88, -0.00, 4.59, -0.82
2, 3.05, 3.78, 38.96, -0.00, 0.81, -1.54
1, 3.06, 18.08, -5.88, -0.00, 4.59, -0.82
2, 3.06, 3.78, 38.96, -0.00, 0.81, -1.54
1, 3.07, 18.08, -5.88, -0.00, 4.59, -0.82
2, 3.07, 3.78, 38.96, -0.00, 0.81, -1.54
1, 3.08, 18.08, -5.88, -0.00, 4.59, -0.82
2, 3.08, 3.78, 38.96, -0.00, 0.81, -1.54
1, 3.09, 18.08, -5.88, -0.00, 4.59, -0.82
2, 3.09, 3.78, 38.96, -0.00, 0.81, -1.54
1, 3.10, 18.08, -5.88, -0.00, 4.59, -0.82
2, 3.10, 3.78, 38.96, -0.00, 0.81, -1.54
1, 3.11, 18.08, -5.88, -0.00, 4.59, -0.82
2, 3.11, 3.78, 38.96, -0.00, 0.81, -1.54
1, 3.12, 18.08, -5.88, -0.00, 4.59, -0.82
2, 3.12, 3.78, 38.96, -0.00, 0.81, -1.54
1, 3.13, 18.08, -5.88, -0.00, 4.59, -0.82
2, 3.13, 3.78, 38.96, -0.00, 0.81, -1.54
1, 3.14, 18.08, -5.88, -0.00, 4.59, -0.82
2, 3.14, 3.78, 38.96, -0.00, 0.81, -1.54
1, 3.15, 18.08, -5.88, -0.00, 4.59, -0.82
2, 3.15, 3.78, 38.96, -0.00, 0.81, -1.54
1, 3.16, 18.08, -5.88, -0.00, 4.59, -0.82
2, 3.16, 3.78, 38.96, -0.00, 0.81, -1.54
1, 3.17, 18.08, -5.88, -0.00, 4.59, -0.82
2, 3.17, 3.78, 38.96, -0.00, 0.81, -1.54
1, 3.18, 18.08, -5.88, -0.00, 4.59, -0.82
2, 3.18, 3.78, 38.96, -0.00, 0.81, -1.54
1, 3.19, 18.08, -5.88, -0.00, 4.59, -0.82
2, 3.19, 3.78, 38.96, -0.00, 0.81, -1.54
1, 3.20, 18.08, -5.88, -0.00, 4.59, -0.82
2, 3.20, 3.78, 38.96, -0.00, 0.81, -1.54
1, 3.21, 18.08, -5.88, -0.00, 4.59, -0.82
2, 3.21, 3.78, 38.96, -0.00, 0.81, -1.54
1, 3.22, 18.08, -5.88, -0.00, 4.59, -0.82
2, 3.22, 3.78, 38.96, -0.00, 0.81, -1.54
1, 3.23, 18.08, -5.88, -0.00, 4.59, -0.82
2, 3.23, 3.78, 38.96, -0.00, 0.81, -1.54
1, 3.24, 18.08, -5.88, -0.00, 4.59, -0.82
2, 3.24, 3.78, 38.96, -0.00, 0.81, -1.54
1, 3.25, 18.08, -5.88, -0.00, 4.59, -0.82
2, 3.25, 3.78, 38.96, -0.00, 0.81, -1.54
1, 3.26, 18.08, -5.88, -0.00, 4.59, -0.82
2, 3.26, 3.78, 38.96, -0.00, 0.81, -1.54
1, 3.27, 18.08, -5.88, -0.00, 4.59, -0.82
2, 3.27, 3.78, 38.96, -0.00, 0.81, -1.54
1, 3.28, 18.08, -5.88, -0.00, 4.59, -0.82
2, 3.28, 3.78, 38.96, -0.00, 0.81, -1.54
1, 3.29, 18.08, -5.88, -0.00, 4.59, -0.82
2, 3.29, 3.78, 38.96, -0.00, 0.81, -1.54
1, 3.30, 18.08, -5.88, -0.00, 4.59, -0.82
2, 3.30, 3.78, 38.96, -0.00, 0.81, -1.54
1, 3.31, 18.08, -5.88, -0.00, 4.59, -0.82
2, 3.31, 3.78, 38.96, -0.00, 0.81, -1.54
1, 3.32, 18.08, -5.88, -0.00, 4.59, -0.82
2, 3.32, 3.78, 38.96, -0.00, 0.81, -1.54
1, 3.33, 18.08, -5.88, -0.00, 4.59, -0.82
2, 3.33, 3.78, 38.96, -0.00, 0.81, -1.54
1, 3.34, 18.08, -5.88, -0.00, 4.59, -0.82
2, 3.34, 3.78, 38.96, -0.00, 0.81, -1.54
1, 3.35, 18.08, -5.88, -0.00, 4.59, -0.82
2, 3.35, 3.78, 38.96, -0.00, 0.81, -1.54
1, 3.36, 18.08, -5.88, -0.00, 4.59, -0.82
2, 3.36, 3.78, 38.96, -0.00, 0.81, -1.54
1, 3.37, 18.08, -5.88, -0.00, 4.59, -0.82
2, 3.37, 3.78, 38.96, -0.00, 0.81, -1.54
1, 3.38, 18.08, -5.88, -0.00, 4.59, -0.82
2, 3.38, 3.78, 38.96, -0.00, 0.81, -1.54
1, 3.39, 18.08, -5.88, -0.00, 4.59, -0.82
2, 3.39, 3.78, 38.96, -0.00, 0.81, -1.54
1, 3.40, 18.08, -5.88, -0.00, 4.59, -0.82
2, 3.40, 3.78, 38.96, -0.00, 0.81, -1.54
1, 3.41, 18.08, -5.88, -0.00, 4.59, -0.82
2, 3.41, 3.78, 38.96, -0.00, 0.81, -1.54
1, 3.42, 18.08, -5.88, -0.00, 4.59, -0.82
2, 3.42, 3.78, 38.96, -0.00, 0.81, -1.54
1, 3.43, 18.08, -5.88, -0.00, 4.59, -0.82
2, 3.43, 3.78, 38.96, -0.00, 0.81, -1.54
1, 3.44, 18.08, -5.88, -0.00, 4.59, -0.82
2, 3.44, 3.78, 38.96, -0.00, 0.81, -1.54
1, 3.45, 18.08, -5.88, -0.00, 4.59, -0.82
2, 3.45, 3.78, 38.96, -0.00, 0.81, -1.54
1, 3.46, 18.08, -5.88, -0.00, 4.59, -0.82
2, 3.46, 3.78, 38.96, -0.00, 0.81, -1.54
1, 3.47, 18.08, -5.88, -0.00, 4.59, -0.82
2, 3.47, 3.78, 38.96, -0.00, 0.81, -1.54
1, 3.48, 18.08, -5.88, -0.00, 4.59, -0.82
2, 3.48, 3.78, 38.96, -0.00, 0.81, -1.54
1, 3.49, 18.08, -5.88, -0.00, 4.59, -0.82
2, 3.49, 3.78, 38.96, -0.00, 0.81, -1.54
1, 3.50, 18.08, -5.88, -0.00, 4.59, -0.82
2, 3.50, 3.78, 38.96, -0.00, 0.81, -1.54
1, 3.51, 18.08, -5.88, -0.00, 4.59, -0.82
2, 3.51, 3.78, 38.96, -0.00, 0.81, -1.54
1, 3.52, 18.08, -5.88, -0.00, 4.59, -0.82
2, 3.52, 3.78, 38.96, -0.00, 0.81, -1.54
1, 3.53, 18.08, -5.88, -0.00, 4.59, -0.82
2, 3.53, 3.78, 38.96, -0.00, 0.81, -1.54
1, 3.54, 18.08, -5.88, -0.00, 4.59, -0.82
2, 3.54, 3.78, 38.96, -0.00, 0.81, -1.54
1, 3.55, 18.08, -5.88, -0.00, 4.59, -0.82
2, 3.55, 3.78, 38.96, -0.00, 0.81, -1.54
1, 3.56, 18.08, -5.88, -0.00, 4.59, -0.82
2, 3.56, 3.78, 38.96, -0.00, 0.81, -1.54
1, 3.57, 18.08, -5.88, -0.00, 4.59, -0.82
2, 3.57, 3.78, 38.96, -0.00, 0.81, -1.54
1, 3.58, 18.08, -5.88, -0.00, 4.59, -0.82
2, 3.58, 3.78, 38.96, -0.00, 0.81, -1.54
1, 3.59, 18.08, -5.88, -0.00, 4.59, -0.82
2, 3.59, 3.78, 38.96, -0.00, 0.81, -1.54
1, 3.60, 18.08, -5.88, -0.00, 4.59, -0.82
2, 3.60, 3.78, 38.96, -0.00, 0.81, -1.54
1, 3.61, 18.08, -5.88, -0.00, 4.59, -0.82
2, 3.61, 3.78, 38.96, -0.00, 0.81, -1.54
1, 3.62, 18.08, -5.88, -0.00, 4.59, -0.82
2, 3.62, 3.78, 38.96, -0.00, 0.81, -1.54
1, 3.63, 18.08, -5.88, -0.00, 4.59, -0.82
2, 3.63, 3.78, 38.96, -0.00, 0.81, -1.54
1, 3.64, 18.08, -5.88, -0.00, 4.59, -0.82
2, 3.64, 3.78, 38.96, -0.00, 0.81, -1.54
1, 3.65, 18.08, -5.88, -0.00, 4.59, -0.82
2, 3.65, 3.78, 38.96, -0.00, 0.81, -1.54
1, 3.66, 18.08, -5.88, -0.00, 4.59, -0.82
2, 3.66, 3.78, 38.96, -0.00, 0.81, -1.54
1, 3.67, 18.08, -5.88, -0.00, 4.59, -0.82
2, 3.67, 3.78, 38.96, -0.00, 0.81, -1.54
1, 3.68, 18.08, -5.88, -0.00, 4.59, -0.82
2, 3.68, 3.78, 38.96, -0.00, 0.81, -1.54
1, 3.69, 18.08, -5.88, -0.00, 4.59, -0.82
2, 3.69, 3.78, 38.96, -0.00, 0.81, -1.54
1, 3.70, 18.08, -5.88, -0.00, 4.59, -0.82
2, 3.70, 3.78, 38.96, -0.00, 0.81, -1.54
1, 3.71, 18.08, -5.88, -0.00, 4.59, -0.82
2, 3.71, 3.78, 38.96, -0.00, 0.81, -1.54
1, 3.72, 18.08, -5.88, -0.00, 4.59, -0.82
2, 3.72, 3.78, 38.96, -0.00, 0.81, -1.54
1, 3.73, 18.08, -5.88, -0.00, 4.59, -0.82
2, 3.73, 3.78, 38.96, -0.00, 0.81, -1.54
1, 3.74, 18.08, -5.88, -0.00, 4.59, -0.82
2, 3.74, 3.78, 38.96, -0.00, 0.81, -1.54
1, 3.75, 18.08, -5.88, -0.00, 4.59, -0.82
2, 3.75, 3.78, 38.96, -0.00, 0.81, -1.54
1, 3.76, 18.08, -5.88, -0.00, 4.59, -0.82
2, 3.76, 3.78, 38.96, -0.00, 0.81, -1.54
1, 3.77, 18.08, -5.88, -0.00, 4.59, -0.82
2, 3.77, 3.78, 38.96, -0.00, 0.81, -1.54
1, 3.78, 18.08, -5.88, -0.00, 4.59, -0.82
2, 3.78, 3.78, 38.96, -0.00, 0.81, -1.54
1, 3.79, 18.08, -5.88, -0.00, 4.59, -0.82
2, 3.79, 3.78, 38.96, -0.00, 0.81, -1.54
1, 3.80, 18.08, -5.88, -0.00, 4.59, -0.82
2, 3.80, 3.78, 38.96, -0.00, 0.81, -1.54
1, 3.81, 18.08, -5.88, -0.00, 4.59, -0.82
2, 3.81, 3.78, 38.96, -0.00, 0.81, -1.54
1, 3.82, 18.08, -5.88, -0.00, 4.59, -0.82
2, 3.82, 3.78, 38.96, -0.00, 0.81, -1.54
1, 3.83, 18.08, -5.88, -0.00, 4.59, -0.82
2, 3.83, 3.78, 38.96, -0.00, 0.81, -1.54
1, 3.84, 18.08, -5.88, -0.00, 4.59, -0.82
2, 3.84, 3.78, 38.96, -0.00, 0.81, -1.54
1, 3.85, 18.08, -5.88, -0.00, 4.59, -0.82
2, 3.85, 3.78, 38.96, -0.00, 0.81, -1.54
1, 3.86, 18.08, -5.88, -0.00, 4.59, -0.82
2, 3.86, 3.78, 38.96, -0.00, 0.81, -1.54
1, 3.87, 18.08, -5.88, -0.00, 4.59, -0.82
2, 3.87, 3.78, 38.96, -0.00, 0.81, -1.54
1, 3.88, 18.08, -5.88, -0.00, 4.59, -0.82
2, 3.88, 3.78, 38.96, -0.00, 0.81, -1.54
1, 3.89, 18.08, -5.88, -0.00, 4.59, -0.82
2, 3.89, 3.78, 38.96, -0.00, 0.81, -1.54
1, 3.90, 18.08, -5.88, -0.00, 4.59, -0.82
2, 3.90, 3.78, 38.96, -0.00, 0.81, -1.54
1, 3.91, 18.08, -5.88, -0.00, 4.59, -0.82
2, 3.91, 3.78, 38.96, -0.00, 0.81, -1.54
1, 3.92, 18.08, -5.88, -0.00, 4.59, -0.82
2, 3.92, 3.78, 38.96, -0.00, 0.81, -1.54
1, 3.93, 18.08, -5.88, -0.00, 4.59, -0.82
2, 3.93, 3.78, 38.96, -0.00, 0.81, -1.54
1, 3.94, 18.08, -5.88, -0.00, 4.59, -0.82
2, 3.94, 3.78, 38.96, -0.00, 0.81, -1.54
1, 3.95, 18.08, -5.88, -0.00, 4.59, -0.82
2, 3.95, 3.78, 38.96, -0.00, 0.81, -1.54
1, 3.96, 18.08, -5.88, -0.00, 4.59, -0.82
2, 3.96, 3.78, 38.96, -0.00, 0.81, -1.54
1, 3.97, 18.08, -5.88, -0.00, 4.59, -0.82
2, 3.97, 3.78, 38.96, -0.00, 0.81, -1.54
1, 3.98, 18.08, -5.88, -0.00, 4.59, -0.82
2, 3.98, 3.78, 38.96, -0.00, 0.81, -1.54
1, 3.99, 18.08, -5.88, -0.00, 4.59, -0.82
2, 3.99, 3.78, 38.96, -0.00, 0.81, -1.54
1, 4.00, 18.08, -5.88, -0.00, 4.59, -0.82
2, 4.00, 3.78, 38.96, -0.00, 0.81, -1.54
1, 4.01, 18.08, -5.88, -0.00, 4.59, -0.82
2, 4.01, 3.78, 38.96, -0.00, 0.81, -1.54
1, 4.02, 18.08, -5.88, -0.00, 4.59, -0.82
2, 4.02, 3.78, 38.96, -0.00, 0.81, -1.54
1, 4.03, 18.08, -5.88, -0.00, 4.59, -0.82
2, 4.03, 3.78, 38.96, -0.00, 0.81, -1.54
1, 4.04, 18.08, -5.88, -0.00, 4.59, -0.82
2, 4.04, 3.78, 38.96, -0.00, 0.81, -1.54
1, 4.05, 18.08, -5.88, -0.00, 4.59, -0.82
2, 4.05, 3.78, 38.96, -0.00, 0.81, -1.54
1, 4.06, 18.08, -5.88, -0.00, 4.59, -0.82
2, 4.06, 3.78, 38.96, -0.00, 0.81, -1.54
1, 4.07, 18.08, -5.88, -0.00, 4.59, -0.82
2, 4.07, 3.78, 38.96, -0.00, 0.81, -1.54
1, 4.08, 18.08, -5.88, -0.00, 4.59, -0.82
2, 4.08, 3.78, 38.96, -0.00, 0.81, -1.54
1, 4.09, 18.08, -5.88, -0.00, 4.59, -0.82
2, 4.09, 3.78, 38.96, -0.00, 0.81, -1.54
1, 4.10, 18.08, -5.88, -0.00, 4.59, -0.82
2, 4.10, 3.78, 38.96, -0.00, 0.81, -1.54
1, 4.11, 18.08, -5.88, -0.00, 4.59, -0.82
2, 4.11, 3.78, 38.96, -0.00, 0.81, -1.54
1, 4.12, 18.08, -5.88, -0.00, 4.59, -0.82
2, 4.12, 3.78, 38.96, -0.00, 0.81, -1.54
1, 4.13, 18.08, -5.88, -0.00, 4.59, -0.82
2, 4.13, 3.78, 38.96, -0.00, 0.81, -1.54
1, 4.14, 18.08, -5.88, -0.00, 4.59, -0.82
2, 4.14, 3.78, 38.96, -0.00, 0.81, -1.54
1, 4.15, 18.08, -5.88, -0.00, 4.59, -0.82
2, 4.15, 3.78, 38.96, -0.00, 0.81, -1.54
1, 4.16, 18.08, -5.88, -0.00, 4.59, -0.82
2, 4.16, 3.78, 38.96, -0.00, 0.81, -1.54
1, 4.17, 18.08, -5.88, -0.00, 4.59, -0.82
2, 4.17, 3.78, 38.96, -0.00, 0.81, -1.54
1, 4.18, 18.08, -5.88, -0.00, 4.59, -0.82
2, 4.18, 3.78, 38.96, -0.00, 0.81, -1.54
1, 4.19, 18.08, -5.88, -0.00, 4.59, -0.82
2, 4.19, 3.78, 38.96, -0.00, 0.81, -1.54
1, 4.20, 18.08, -5.88, -0.00, 4.59, -0.82
2, 4.20, 3.78, 38.96, -0.00, 0.81, -1.54
1, 4.21, 18.08, -5.88, -0.00, 4.59, -0.82
2, 4.21, 3.78, 38.96, -0.00, 0.81, -1.54
1, 4.22, 18.08, -5.88, -0.00, 4.59, -0.82
2, 4.22, 3.78, 38.96, -0.00, 0.81, -1.54
1, 4.23, 18.08, -5.88, -0.00, 4.59, -0.82
2, 4.23, 3.78, 38.96, -0.00, 0.81, -1.54
1, 4.24, 18.08, -5.88, -0.00, 4.59, -0.82
2, 4.24, 3.78, 38.96, -0.00, 0.81, -1.54
1, 4.25, 18.08, -5.88, -0.00, 4.59, -0.82
2, 4.25, 3.78, 38.96, -0.00, 0.81, -1.54
1, 4.26, 18.08, -5.88, -0.00, 4.59, -0.82
2, 4.26, 3.78, 38.96, -0.00, 0.81, -1.54
1, 4.27, 18.08, -5.88, -0.00, 4.59, -0.82
2, 4.27, 3.78, 38.96, -0.00, 0.81, -1.54
1, 4.28, 18.08, -5.88, -0.00, 4.59, -0.82
2, 4.28, 3.78, 38.96, -0.00, 0.81, -1.54
1, 4.29, 18.08, -5.88, -0.00, 4.59, -0.82
2, 4.29, 3.78, 38.96, -0.00, 0.81, -1.54
1, 4.30, 18.08, -5.88, -0.00, 4.59, -0.82
2, 4.30, 3.78, 38.96, -0.00, 0.81, -1.54
1, 4.31, 18.08, -5.88, -0.00, 4.59, -0.82
2, 4.31, 3.78, 38.96, -0.00, 0.81, -1.54
1, 4.32, 18.08, -5.88, -0.00, 4.59, -0.82
2, 4.32, 3.78, 38.96, -0.00, 0.81, -1.54
1, 4.33, 18.08, -5.88, -0.00, 4.59, -0.82
2, 4.33, 3.78, 38.96, -0.00, 0.81, -1.54
1, 4.34, 18.08, -5.88, -0.00, 4.59, -0.82
2, 4.34, 3.78, 38.96, -0.00, 0.81, -1.54
1, 4.35, 18.08, -5.88, -0.00, 4.59, -0.82
2, 4.35, 3.78, 38.96, -0.00, 0.81, -1.54
1, 4.36, 18.08, -5.88, -0.00, 4.59, -0.82
2, 4.36, 3.78, 38.96, -0.00, 0.81, -1.54
1, 4.37, 18.08, -5.88, -0.00, 4.59, -0.82
2, 4.37, 3.78, 38.96, -0.00, 0.81, -1.54
1, 4.38, 18.08, -5.88, -0.00, 4.59, -0.82
2, 4.38, 3.78, 38.96, -0.00, 0.81, -1.54
1, 4.39, 18.08, -5.88, -0.00, 4.59, -0.82
2, 4.39, 3.78, 38.96, -0.00, 0.81, -1.54
1, 4.40, 18.08, -5.88, -0.00, 4.59, -0.82
2, 4.40, 3.78, 38.96, -0.00, 0.81, -1.54
1, 4.41, 18.08, -5.88, -0.00, 4.59, -0.82
2, 4.41, 3.78, 38.96, -0.00, 0.81, -1.54
1, 4.42, 18.08, -5.88, -0.00, 4.59, -0.82
2, 4.42, 3.78, 38.96, -0.00, 0.81, -1.54
1, 4.43, 18.08, -5.88, -0.00, 4.59, -0.82
2, 4.43, 3.78, 38.96, -0.00, 0.81, -1.54
1, 4.44, 18.08, -5.88, -0.00, 4.59, -0.82
2, 4.44, 3.78, 38.96, -0.00, 0.81, -1.54
1, 4.45, 18.08, -5.88, -0.00, 4.59, -0.82
2, 4.45, 3.78, 38.96, -0.00, 0.81, -1.54
1, 4.46, 18.08, -5.88, -0.00, 4.59, -0.82
2, 4.46, 3.78, 38.96, -0.00, 0.81, -1.54
1, 4.47, 18.08, -5.88, -0.00, 4.59, -0.82
2, 4.47, 3.78, 38.96, -0.00, 0.81, -1.54
1, 4.48, 18.08, -5.88, -0.00, 4.59, -0.82
2, 4.48, 3.78, 38.96, -0.00, 0.81, -1.54
1, 4.49, 18.08, -5.88, -0.00, 4.59, -0.82
2, 4.49, 3.78, 38.96, -0.00, 0.81, -1.54
1, 4.50, 18.08, -5.88, -0.00, 4.59, -0.82
2, 4.50, 3.78, 38.96, -0.00, 0.81, -1.54
1, 4.51, 18.08, -5.88, -0.00, 4.59, -0.82
2, 4.51, 3.78, 38.96, -0.00, 0.81, -1.54
1, 4.52, 18.08, -5.88, -0.00, 4.59, -0.82
2, 4.52, 3.78, 38.96, -0.00, 0.81, -1.54
1, 4.53, 18.08, -5.88, -0.00, 4.59, -0.82
2, 4.53, 3.78, 38.96, -0.00, 0.81, -1.54
1, 4.54, 18.08, -5.88, -0.00, 4.59, -0.82
2, 4.54, 3.78, 38.96, -0.00, 0.81, -1.54
1, 4.55, 18.08, -5.88, -0.00, 4.59, -0.82
2, 4.55, 3.78, 38.96, -0.00, 0.81, -1.54
1, 4.56, 18.08, -5.88, -0.00, 4.59, -0.82
2, 4.56, 3.78, 38.96, -0.00, 0.81, -1.54
1, 4.57, 18.08, -5.88, -0.00, 4.59, -0.82
2, 4.57, 3.78, 38.96, -0.00, 0.81, -1.54
1, 4.58, 18.08, -5.88, -0.00, 4.59, -0.82
2, 4.58, 3.78, 38.96, -0.00, 0.81, -1.54
1, 4.59, 18.08, -5.88, -0.00, 4.59, -0.82
2, 4.59, 3.78, 38.96, -0.00, 0.81, -1.54
1, 4.60, 18.08, -5.88, -0.00, 4.59, -0.82
2, 4.60, 3.78, 38.96, -0.00, 0.81, -1.54
1, 4.61, 18.08, -5.88, -0.00, 4.59, -0.82
2, 4.61, 3.78, 38.96, -0.00, 0.81, -1.54
1, 4.62, 18.08, -5.88, -0.00, 4.59, -0.82
2, 4.62, 3.78, 38.96, -0.00, 0.81, -1.54
1, 4.63, 18.08, -5.88, -0.00, 4.59, -0.82
2, 4.63, 3.78, 38.96, -0.00, 0.81, -1.54
1, 4.64, 18.08, -5.88, -0.00, 4.59, -0.82
2, 4.64, 3.78, 38.96, -0.00, 0.81, -1.54
1, 4.65, 18.08, -5.88, -0.00, 4.59, -0.82
2, 4.65, 3.78, 38.96, -0.00, 0.81, -1.54
1, 4.66, 18.08, -5.88, -0.00, 4.59, -0.82
2, 4.66, 3.78, 38.96, -0.00, 0.81, -1.54
1, 4.67, 18.08, -5.88, -0.00, 4.59, -0.82
2, 4.67, 3.78, 38.96, -0.00, 0.81, -1.54
1, 4.68, 18.08, -5.88, -0.00, 4.59, -0.82
2, 4.68, 3.78, 38.96, -0.00, 0.81, -1.54
1, 4.69, 18.08, -5.88, -0.00, 4.59, -0.82
2, 4.69, 3.78, 38.96, -0.00, 0.81, -1.54
1, 4.70, 18.08, -5.88, -0.00, 4.59, -0.82
2, 4.70, 3.78, 38.96, -0.00, 0.81, -1.54
1, 4.71, 18.08, -5.88, -0.00, 4.59, -0.82
2, 4.71, 3.78, 38.96, -0.00, 0.81, -1.54
1, 4.72, 18.08, -5.88, -0.00, 4.59, -0.82
2, 4.72, 3.78, 38.96, -0.00, 0.81, -1.54
1, 4.73, 18.08, -5.88, -0.00, 4.59, -0.82
2, 4.73, 3.78, 38.96, -0.00, 0.81, -1.54
1, 4.74, 18.08, -5.88, -0.00, 4.59, -0.82
2, 4.74, 3.78, 38.96, -0.00, 0.81, -1.54
1, 4.75, 18.08, -5.88, -0.00, 4.59, -0.82
2, 4.75, 3.78, 38.96, -0.00, 0.81, -1.54
1, 4.76, 18.08, -5.88, -0.00, 4.59, -0.82
2, 4.76, 3.78, 38.96, -0.00, 0.81, -1.54
1, 4.77, 18.08, -5.88, -0.00, 4.59, -0.82
2, 4.77, 3.78, 38.96, -0.00, 0.81, -1.54
1, 4.78, 18.08, -5.88, -0.00, 4.59, -0.82
2, 4.78, 3.78, 38.96, -0.00, 0.81, -1.54
1, 4.79, 18.08, -5.88, -0.00, 4.59, -0.82
2, 4.79, 3.78, 38.96, -0.00, 0.81, -1.54
1, 4.80, 18.08, -5.88, -0.00, 4.59, -0.82
2, 4.80, 3.78, 38.96, -0.00, 0.81, -1.54
1, 4.81, 18.08, -5.88, -0.00, 4.59, -0.82
2, 4.81, 3.78, 38.96, -0.00, 0.81, -1.54
1, 4.82, 18.08, -5.88, -0.00, 4.59, -0.82
2, 4.82, 3.78, 38.96, -0.00, 0.81, -1.54
1, 4.83, 18.08, -5.88, -0.00, 4.59, -0.82
2, 4.83, 3.78, 38.96, -0.00, 0.81, -1.54
1, 4.84, 18.08, -5.88, -0.00, 4.59, -0.82
2, 4.84, 3.78, 38.96, -0.00, 0.81, -1.54
1, 4.85, 18.08, -5.88, -0.00, 4.59, -0.82
2, 4.85, 3.78, 38.96, -0.00, 0.81, -1.54
1, 4.86, 18.08, -5.88, -0.00, 4.59, -0.82
2, 4.86, 3.78, 38.96, -0.00, 0.81, -1.54
1, 4.87, 18.08, -5.88, -0.00, 4.59, -0.82
2, 4.87, 3.78, 38.96, -0.00, 0.81, -1.54
1, 4.88, 18.08, -5.88, -0.00, 4.59, -0.82
2, 4.88, 3.78, 38.96, -0.00, 0.81, -1.54
1, 4.89, 18.08, -5.88, -0.00, 4.59, -0.82
2, 4.89, 3.78, 38.96, -0.00, 0.81, -1.54
1, 4.90, 18.08, -5.88, -0.00, 4.59, -0.82
2, 4.90, 3.78, 38.96, -0.00, 0.81, -1.54
1, 4.91, 18.08, -5.88, -0.00, 4.59, -0.82
2, 4.91, 3.78, 38.96, -0.00, 0.81, -1.54
1, 4.92, 18.08, -5.88, -0.00, 4.59, -0.82
2, 4.92, 3.78, 38.96, -0.00, 0.81, -1.54
1, 4.93, 18.08, -5.88, -0.00, 4.59, -0.82
2, 4.93, 3.78, 38.96, -0.00, 0.81, -1.54
1, 4.94, 18.08, -5.88, -0.00, 4.59, -0.82
2, 4.94, 3.78, 38.96, -0.00, 0.81, -1.54
1, 4.95, 18.08, -5.88, -0.00, 4.59, -0.82
2, 4.95, 3.78, 38.96, -0.00, 0.81, -1.54
1, 4.96, 18.08, -5.88, -0.00, 4.59, -0.82
2, 4.96, 3.78, 38.96, -0.00, 0.81, -1.54
1, 4.97, 18.08, -5.88, -0.00, 4.59, -0.82
2, 4.97, 3.78, 38.96, -0.00, 0.81, -1.54
1, 4.98, 18.08, -5.88, -0.00, 4.59, -0.82
2, 4.98, 3.78, 38.96, -0.00, 0.81, -1.54
1, 4.99, 18.08, -5.88, -0.00, 4.59, -0.82
2, 4.99, 3.78, 38.96, -0.00, 0.81, -1.54
1, 5.00, 18.08, -5.88, -0.00, 4.59, -0.82
2, 5.00, 3.78, 38.96, -0.00, 0.81, -1.54
